City,City ID,Country,Lat,Lng,Temp,Humidity,Cloudiness,Wind Speed,Max Temp,Date
Hobart,2163355,AU,-42.88,147.33,55.47,62,75,9.17,55.99,1570591870
Neiafu,4032420,TO,-18.65,-173.98,80.6,74,75,4.7,80.6,1570591871
Comodoro Rivadavia,3860443,AR,-45.87,-67.48,53.6,53,0,20.8,53.6,1570591871
Busselton,2075265,AU,-33.64,115.35,72.91,33,100,9.22,78.01,1570591871
Ilulissat,3423146,GL,69.22,-51.1,26.6,63,14,2.24,26.6,1570591871
Vaini,1273574,IN,15.34,74.49,69.8,94,75,2.17,69.8,1570591872
Cape Town,3369157,ZA,-33.93,18.42,57.24,76,75,11.41,59.0,1570591769
Georgetown,3378644,GY,6.8,-58.16,77.0,100,20,2.24,77.0,1570591788
Ribeira Grande,3372707,PT,38.52,-28.7,60.89,70,1,8.29,60.89,1570591872
Mataura,6201424,NZ,-46.19,168.86,51.01,98,100,3.0,51.01,1570591873
Watertown,5232741,US,44.9,-97.12,57.6,67,1,11.41,60.8,1570591873
New Norfolk,2155415,AU,-42.78,147.06,55.47,62,75,9.17,55.99,1570591873
Bredasdorp,1015776,ZA,-34.53,20.04,55.78,71,97,9.17,55.99,1570591873
Itororo,3460542,BR,-15.12,-40.07,62.24,98,14,2.33,62.24,1570591874
Iqaluit,5983720,CA,63.75,-68.52,35.26,87,75,4.06,35.6,1570591874
Butaritari,2110227,KI,3.07,172.79,85.14,66,35,11.13,85.14,1570591874
Jamestown,2069194,AU,-33.21,138.6,68.9,25,71,2.21,68.9,1570591875
Bluff,2175403,AU,-23.58,149.07,88.86,18,0,10.04,88.86,1570591875
Klaksvik,2618795,FO,62.23,-6.59,48.2,100,100,14.99,48.2,1570591875
Punta Arenas,3874787,CL,-53.16,-70.91,41.76,75,75,10.29,42.8,1570591875
Mercedes,3441684,UY,-33.25,-58.03,57.0,86,0,1.99,57.0,1570591876
Atar,2381334,MR,20.52,-13.05,82.22,11,100,1.65,82.22,1570591876
Ostrovnoy,556268,RU,68.05,39.51,33.35,99,64,8.25,33.35,1570591876
Faanui,4034551,PF,-16.48,-151.75,76.03,85,97,25.25,76.03,1570591877
Kautokeino,779330,NO,69.01,23.04,28.2,90,99,11.14,28.2,1570591877
Talnakh,1490256,RU,69.49,88.39,21.2,85,0,6.71,21.2,1570591877
Rio Esteban,3602769,HN,15.83,-86.3,86.0,84,40,17.22,86.0,1570591877
Port Elizabeth,4501427,US,39.31,-74.98,59.81,59,90,9.17,64.0,1570591878
Rikitea,4030556,PF,-23.12,-134.97,67.35,82,100,12.89,67.35,1570591878
Albany,5106834,US,42.65,-73.75,45.93,87,40,5.26,51.01,1570591710
Lompoc,5367788,US,34.64,-120.46,55.9,93,90,5.82,60.8,1570591878
Alofi,4036284,NU,-19.06,-169.92,78.8,65,75,11.41,78.8,1570591879
Sovetskiy,490040,RU,56.76,48.47,32.45,94,94,1.57,32.45,1570591879
Lixourion,258175,GR,38.2,20.43,67.82,73,20,11.41,69.8,1570591879
Nikolskoye,546105,RU,59.7,30.79,41.04,86,75,4.47,42.01,1570591879
Poum,787487,MK,41.28,20.71,44.49,90,0,1.87,44.49,1570591880
Grindavik,3416888,IS,63.84,-22.43,44.6,100,75,2.24,44.6,1570591880
East London,1006984,ZA,-33.02,27.91,60.8,93,75,13.87,60.8,1570591880
Lebu,344979,ET,8.96,38.73,50.18,95,96,1.59,50.18,1570591880
Pevek,2122090,RU,69.7,170.27,30.81,83,100,17.67,30.81,1570591881
Hithadhoo,1282256,MV,-0.6,73.08,82.15,71,89,4.65,82.15,1570591881
Saskylakh,2017155,RU,71.97,114.09,17.63,95,89,5.44,17.63,1570591881
Cabo San Lucas,3985710,MX,22.89,-109.91,80.22,65,5,6.22,84.0,1570591882
Cidreira,3466165,BR,-30.17,-50.22,61.84,91,0,5.06,61.84,1570591882
Esso,2125711,RU,55.93,158.7,31.71,100,47,6.58,31.71,1570591882
Ushuaia,3833367,AR,-54.81,-68.31,39.2,80,75,24.16,39.2,1570591882
Carnarvon,1014034,ZA,-30.97,22.13,52.07,42,0,8.32,52.07,1570591883
Lensk,2020838,RU,60.71,114.91,18.46,83,94,5.66,18.46,1570591883
Yulara,6355222,AU,-25.24,130.99,82.4,15,0,10.29,82.4,1570591884
Kruisfontein,986717,ZA,-34.0,24.73,58.14,83,89,18.61,58.14,1570591884
Lagos,2332459,NG,6.46,3.39,75.2,100,40,2.24,75.2,1570591884
Port Hardy,6111862,CA,50.7,-127.42,41.0,75,5,8.05,41.0,1570591805
Hanna,5970234,CA,51.64,-111.93,23.0,78,100,3.0,23.0,1570591884
Sarlat-la-Caneda,2976007,FR,44.89,1.22,56.48,93,75,2.24,59.0,1570591885
Thompson,6165406,CA,55.74,-97.86,37.4,64,75,6.93,37.4,1570591885
Aksarka,1512019,RU,66.56,67.8,35.13,92,100,8.38,35.13,1570591885
Mount Gambier,2156643,AU,-37.83,140.78,55.4,76,90,10.29,55.4,1570591885
Kodiak,4407665,US,39.95,-94.76,58.03,59,1,8.05,60.8,1570591886
Arraial do Cabo,3471451,BR,-22.97,-42.02,70.91,98,100,5.68,70.91,1570591886
San Rafael,3836669,AR,-34.61,-68.33,58.06,30,79,2.5,58.06,1570591886
La Rinconada,7626291,PE,-14.63,-69.45,32.41,90,0,0.87,32.41,1570591887
Kaitangata,2208248,NZ,-46.28,169.85,50.0,92,100,11.99,50.0,1570591887
Port Macquarie,2152659,AU,-31.43,152.91,69.49,42,40,20.8,73.0,1570591887
Ojinaga,3994469,US,29.56,-104.41,79.43,39,1,5.82,82.4,1570591887
Hofn,2630299,IS,64.25,-15.21,47.1,87,99,33.77,47.1,1570591888
Half Moon Bay,5354943,US,37.46,-122.43,61.9,72,40,16.11,66.2,1570591781
Axim,2303611,GH,4.87,-2.24,77.07,88,100,14.03,77.07,1570591888
Arlit,2447513,NE,18.74,7.39,85.17,43,37,10.14,85.17,1570591888
Esperance,2071860,AU,-33.86,121.89,78.8,27,100,14.99,78.8,1570591888
Bethel,5880568,US,60.79,-161.76,45.61,81,90,19.46,46.4,1570591889
Hermanus,3366880,ZA,-34.42,19.24,55.99,91,100,3.0,55.99,1570591889
Ponta do Sol,3453439,BR,-20.63,-46.0,66.02,92,99,2.94,66.02,1570591889
Maniitsoq,3421982,GL,65.42,-52.9,36.35,43,94,8.48,36.35,1570591889
Upernavik,3418910,GL,72.79,-56.15,31.26,53,0,8.81,31.26,1570591890
Magadan,2123628,RU,59.56,150.8,37.04,81,100,19.99,37.04,1570591890
Bestobe,1525376,KZ,52.5,73.1,56.71,60,0,5.61,56.71,1570591891
Kaeo,2189343,NZ,-35.1,173.78,68.9,85,90,9.6,70.0,1570591891
Vestmannaeyjar,3412093,IS,63.44,-20.27,48.27,81,100,6.78,48.27,1570591891
Puerto Ayora,3652764,EC,-0.74,-90.35,64.99,94,9,5.01,64.99,1570591891
Atuona,4020109,PF,-9.8,-139.03,79.48,70,11,9.61,79.48,1570591892
Almaznyy,582447,RU,48.03,40.04,32.0,68,0,4.38,32.0,1570591892
Nampa,5601933,US,43.57,-116.56,50.79,66,90,10.29,54.0,1570591892
Mar del Plata,3863379,AR,-46.43,-67.52,52.3,44,46,24.7,52.3,1570591892
San Policarpo,1688696,PH,12.18,125.51,86.0,67,100,7.92,86.0,1570591893
Jalu,86049,LY,29.03,21.55,79.36,21,61,22.73,79.36,1570591893
Warrenton,941931,ZA,-28.11,24.85,56.21,25,0,6.24,56.21,1570591893
Port Alfred,964432,ZA,-33.59,26.89,60.01,91,15,4.0,60.01,1570591893
Lumeje,876123,AO,-11.56,20.78,68.54,65,97,5.5,68.54,1570591894
Cockburn Town,3576994,TC,21.46,-71.14,83.1,80,100,18.58,83.1,1570591894
Bonavista,5905393,CA,48.65,-53.11,50.0,86,41,11.99,50.0,1570591894
Kapaa,5848280,US,22.08,-159.32,76.68,94,75,9.17,80.6,1570591894
Saint George,262462,GR,39.45,22.34,59.0,100,75,3.36,59.0,1570591895
Tuatapere,2180815,NZ,-46.13,167.69,51.01,98,100,3.0,51.01,1570591895
Tautira,4033557,PF,-17.73,-149.15,78.33,69,75,6.93,78.8,1570591895
Qaqortoq,3420846,GL,60.72,-46.03,39.2,80,75,11.07,39.2,1570591895
Baculin,1729469,PH,7.45,126.58,83.68,68,26,5.98,83.68,1570591896
Pacific Grove,5380437,US,36.62,-121.92,61.09,77,1,3.96,66.99,1570591896
Husavik,5961417,CA,50.56,-96.99,54.95,79,100,16.71,55.99,1570591896
Manta,685981,RO,45.1,24.1,39.11,78,0,2.06,39.11,1570591896
Bodden Town,3580733,KY,19.28,-81.25,84.09,83,20,5.82,84.2,1570591897
Cherskiy,2126199,RU,68.75,161.3,18.81,91,96,5.42,18.81,1570591897
North Bend,5742974,US,43.41,-124.22,50.13,81,90,17.22,52.0,1570591897
Dikson,1507390,RU,73.51,80.55,21.72,86,94,13.62,21.72,1570591898
Kasongo-Lunda,2315026,CD,-6.48,16.82,66.09,95,100,0.72,66.09,1570591898
Port Hedland,2063042,AU,-20.31,118.58,102.2,26,0,10.29,102.2,1570591898
Higueron,3711668,PA,8.5,-82.29,64.87,88,75,3.36,78.8,1570591898
Mitu,117392,IR,36.2,46.09,47.12,65,57,2.17,47.12,1570591899
Chuy,3443061,UY,-33.69,-53.46,54.97,77,0,5.61,54.97,1570591899
Basco,4863349,US,40.33,-91.2,55.27,87,1,4.7,62.6,1570591899
Nanortalik,3421765,GL,60.14,-45.24,40.13,86,100,7.11,40.13,1570591899
Sinnamary,3380290,GF,5.38,-52.96,81.86,80,38,18.59,81.86,1570591900
Chicama,3698359,PE,-7.84,-79.15,60.8,87,90,9.17,60.8,1570591900
Port Shepstone,964406,ZA,-30.74,30.45,57.22,81,0,3.02,57.22,1570591900
Oga,3175788,IT,46.46,10.35,38.7,100,0,5.82,44.01,1570591900
Makasar,1642911,ID,-6.28,106.88,87.51,58,40,4.7,87.8,1570591901
Auki,2339937,NG,12.18,6.51,72.46,90,100,6.78,72.46,1570591901
Kutum,371745,SD,14.2,24.66,72.0,65,69,4.5,72.0,1570591901
Torbay,6167817,CA,47.66,-52.73,50.54,93,90,19.46,52.0,1570591901
Fortuna,2517679,ES,38.18,-1.13,63.72,88,0,1.89,66.99,1570591902
Tuktoyaktuk,6170031,CA,69.44,-133.03,28.4,86,40,8.05,28.4,1570591902
Coquimbo,3893629,CL,-29.95,-71.34,50.0,100,100,3.27,50.0,1570591902
Ahipara,2194098,NZ,-35.17,173.16,70.0,85,94,15.44,70.0,1570591902
Dawei,1293625,MM,14.07,98.19,80.62,75,35,4.36,80.62,1570591903
Raudeberg,3146487,NO,61.99,5.14,48.61,66,100,13.87,50.0,1570591903
Hasaki,2112802,JP,35.73,140.83,73.65,46,20,5.82,75.99,1570591903
Sola,151211,TZ,-3.17,33.8,70.61,60,100,6.31,70.61,1570591904
Flinders,6255012,AU,-34.58,150.85,64.11,48,2,17.22,68.0,1570591904
Taxco,3516225,MX,18.56,-99.61,73.99,85,100,4.76,73.99,1570591904
Canutama,3664716,BR,-6.53,-64.38,73.26,97,60,2.17,73.26,1570591905
Yerbogachen,2012956,RU,61.28,108.01,21.18,83,100,8.94,21.18,1570591905
Bilibino,2126682,RU,68.06,166.44,9.41,96,76,2.68,9.41,1570591905
Caboolture,2172832,AU,-27.08,152.95,75.97,40,20,12.75,82.0,1570591906
Namatanai,2090021,PG,-3.66,152.44,82.27,77,19,9.73,82.27,1570591906
Padang,1633419,ID,-0.92,100.36,78.26,84,44,8.66,78.26,1570591906
Freeport,3572375,BS,26.54,-78.7,81.37,81,100,11.63,81.37,1570591907
Grand Gaube,934479,MU,-20.01,57.66,70.39,83,75,11.41,71.01,1570591907
Qaanaaq,3831208,GL,77.48,-69.36,19.29,65,85,10.74,19.29,1570591907
Maine-Soroa,2441447,NE,13.21,12.02,79.52,58,74,9.01,79.52,1570591908
Tromso,3133895,NO,69.65,18.96,30.36,64,0,10.29,35.6,1570591610
Sterling,4787534,US,39.0,-77.4,59.47,72,90,6.93,63.0,1570591908
Hangu,1177203,PK,33.53,71.06,69.8,56,5,4.7,69.8,1570591908
Barrow,3833859,AR,-38.31,-60.23,45.93,56,27,6.55,45.93,1570591908
Kissimmee,4160983,US,28.29,-81.41,75.79,94,90,3.36,78.01,1570591697
Sesheke,898905,NA,-17.47,24.29,64.4,42,0,4.9,64.4,1570591909
Linjiang,2036069,CN,41.81,126.91,55.56,38,0,6.78,55.56,1570591909
Harper,4696310,US,30.3,-99.24,70.7,49,1,10.71,73.99,1570591909
Klyuchi,1503153,RU,52.25,79.17,52.39,60,0,6.02,52.39,1570591910
Khatanga,2022572,RU,71.98,102.47,18.43,89,71,3.44,18.43,1570591910
Naze,2337542,NG,5.43,7.07,70.23,97,100,1.1,70.23,1570591910
San Patricio,3437029,PY,-26.98,-56.83,63.25,78,0,5.12,63.25,1570591910
Rorvik,3141310,NO,64.86,11.24,43.0,67,42,8.99,43.0,1570591911
Westport,4845585,US,41.14,-73.36,56.19,71,1,11.41,61.0,1570591685
Seybaplaya,3516685,MX,19.65,-90.67,73.4,100,75,11.41,73.4,1570591911
Elizabeth City,4465088,US,36.3,-76.22,64.11,93,90,17.22,66.2,1570591632
Severo-Kurilsk,2121385,RU,50.68,156.12,42.93,97,100,32.24,42.93,1570591911
Dzhebariki-Khaya,2024626,RU,62.22,135.8,30.09,93,100,7.7,30.09,1570591912
Luanda,2240449,AO,-8.83,13.24,75.2,83,75,12.75,75.2,1570591912
Riyadh,108410,SA,24.63,46.72,77.0,47,11,3.36,77.0,1570591912
Dunnville,5944222,CA,42.9,-79.62,47.61,87,20,6.93,52.0,1570591912
Te Anau,2181625,NZ,-45.41,167.72,47.12,97,100,2.2,47.12,1570591913
College,5859699,US,64.86,-147.8,33.62,93,90,4.7,35.6,1570591913
Yellowknife,6185377,CA,62.45,-114.38,30.06,86,90,11.41,30.2,1570591913
Nalut,2214433,LY,31.86,10.98,64.83,82,23,5.02,64.83,1570591914
Mahibadhoo,1337605,MV,3.78,72.97,82.79,70,8,5.3,82.79,1570591914
Pittsfield,4247060,US,39.61,-90.81,55.49,76,1,4.7,60.8,1570591845
Galle,2419533,GN,10.08,-12.83,69.87,98,88,2.19,69.87,1570591915
Mackay,5921525,CA,53.65,-115.58,24.8,73,90,8.05,24.8,1570591915
Saint-Pierre,2995603,FR,48.95,4.24,53.11,100,90,9.17,54.0,1570591915
Port-Gentil,2396518,GA,-0.72,8.78,77.93,86,94,10.67,77.93,1570591915
Mahon,2965139,IE,51.89,-8.4,46.9,87,40,10.29,50.0,1570591916
Broome,2656067,GB,52.47,1.45,49.66,87,94,6.93,51.01,1570591916
Aklavik,5882953,CA,68.22,-135.01,33.8,69,75,3.36,33.8,1570591916
Yaan,2338660,NG,7.38,8.57,71.53,93,100,2.51,71.53,1570591917
Tawang,1254832,BT,27.59,91.87,63.5,54,29,3.62,63.5,1570591917
Xining,1788852,CN,36.62,101.77,43.14,92,100,4.05,43.14,1570591917
Victoria,1733782,BN,5.28,115.24,86.72,74,75,4.7,87.8,1570591917
Dunedin,2191562,NZ,-45.87,170.5,53.01,85,100,7.0,53.01,1570591918
Wilmington,4145381,US,39.75,-75.55,57.61,55,90,10.29,61.0,1570591565
Columbia,4575352,US,34.0,-81.03,69.04,64,90,9.17,71.6,1570591801
Micheweni,153955,TZ,-4.97,39.83,79.34,77,29,2.57,79.34,1570591918
Acapulco,3533462,MX,16.86,-99.88,75.11,97,100,2.19,75.11,1570591918
Angoche,1052944,MZ,-16.23,39.91,72.23,85,0,4.38,72.23,1570591919
Avarua,4035715,CK,-21.21,-159.78,71.6,60,100,8.05,71.6,1570591919
Ambovombe,1079048,MG,-25.18,46.09,73.49,81,0,9.37,73.49,1570591919
Nouadhibou,2377457,MR,20.93,-17.03,77.0,57,0,11.41,77.0,1570591920
Kuytun,2021093,RU,54.34,101.51,34.05,68,96,11.36,34.05,1570591920
Saldanha,2737599,PT,41.42,-6.55,53.99,87,1,6.6,53.99,1570591920
Macusani,3935624,PE,-14.07,-70.43,31.71,86,0,2.62,31.71,1570591921
Sibolga,1213855,ID,1.74,98.78,78.84,80,80,1.18,78.84,1570591921
Nome,4732862,US,30.04,-94.42,68.36,88,1,4.47,73.99,1570591921
Richards Bay,962367,ZA,-28.77,32.06,67.05,88,0,5.2,67.05,1570591921
Bellmead,4673389,US,31.59,-97.11,66.47,52,1,5.82,69.8,1570591922
Plettenberg Bay,964712,ZA,-34.05,23.37,56.89,90,100,8.77,56.89,1570591922
San Angelo,5530022,US,31.46,-100.44,71.29,56,1,4.7,73.99,1570591922
Fuxin,2037346,CN,42.02,121.65,67.42,22,100,11.16,67.42,1570591922
Keuruu,652977,FI,62.26,24.71,32.54,100,90,2.24,35.01,1570591923
Saint-Philippe,6138908,CA,45.36,-73.48,43.45,93,1,4.14,46.99,1570591923
Pampierstad,966380,ZA,-27.78,24.69,56.21,25,0,6.23,56.21,1570591923
Nemuro,2128975,JP,43.32,145.57,62.6,48,40,20.8,62.6,1570591924
Buchanan,2278158,LR,5.88,-10.05,74.1,95,100,3.41,74.1,1570591924
Vyartsilya,470762,RU,62.18,30.69,26.6,98,95,3.87,26.6,1570591924
Katsuura,1865309,JP,33.93,134.5,72.43,35,20,14.99,73.4,1570591925
Shelopugino,2016757,RU,51.65,117.56,45.12,42,80,17.14,45.12,1570591925
Sorland,3137469,NO,67.67,12.69,37.4,64,40,3.36,37.4,1570591925
Tura,2014833,RU,64.27,100.22,18.88,75,59,15.26,18.88,1570591925
Hilo,5855927,US,19.71,-155.08,73.58,65,40,3.36,82.4,1570591926
Shache,1280037,CN,38.42,77.24,60.01,67,98,1.01,60.01,1570591926
Zelenogorskiy,1485284,RU,55.03,87.0,42.8,60,0,8.95,42.8,1570591926
Pimentel,3389609,BR,-3.7,-45.5,74.75,84,18,5.17,74.75,1570591926
Biltine,244878,TD,14.53,20.93,80.09,49,95,4.27,80.09,1570591927
Sena Madureira,3662155,BR,-9.07,-68.66,75.88,65,1,0.76,75.88,1570591927
Kozan,306112,TR,37.45,35.82,66.6,72,0,5.82,70.0,1570591927
Calama,3897347,CL,-22.46,-68.93,51.06,11,0,17.22,52.0,1570591927
Sao Miguel do Araguaia,3448455,BR,-13.28,-50.16,73.43,91,97,1.83,73.43,1570591928
Port Keats,2063039,AU,-14.25,129.55,89.01,51,20,11.03,89.01,1570591928
Camacha,2270385,PT,33.08,-16.33,72.63,88,40,9.17,73.4,1570591928
Beloha,1067565,MG,-25.17,45.06,73.69,58,0,5.1,73.69,1570591928
Dongsheng,1788268,CN,29.72,112.52,70.68,62,71,5.64,70.68,1570591929
Yumen,1528998,CN,40.29,97.04,60.44,23,100,13.51,60.44,1570591929
Sabang,1726279,PH,13.8,121.11,84.99,79,94,5.99,84.99,1570591929
Nazira,1261563,IN,26.91,94.73,75.2,94,75,8.05,75.2,1570591929
Sao Sepe,3448207,BR,-30.16,-53.57,60.8,93,2,2.24,60.8,1570591930
Vagur,2610806,FO,61.47,-6.81,49.35,96,100,16.46,49.35,1570591930
Trelew,3833883,AR,-43.25,-65.31,54.25,38,100,16.6,54.25,1570591930
Christiana,1013550,ZA,-27.91,25.16,49.19,53,0,1.69,49.19,1570591931
Mamallapuram,1263997,IN,12.63,80.17,86.0,74,40,8.05,86.0,1570591931
San Andres,1690438,PH,13.32,122.68,87.03,63,47,6.45,87.03,1570591931
Chimbote,3698304,PE,-9.08,-78.59,59.29,92,33,9.42,59.29,1570591932
Tyup,1527121,KG,42.73,78.36,48.56,53,100,3.36,48.56,1570591932
Hermanuv Mestec,3075841,CZ,49.95,15.66,52.0,93,90,1.12,55.99,1570591932
Paraiso,3396016,BR,-0.03,-51.17,82.4,88,40,6.93,82.4,1570591932
Tocopilla,3869716,CL,-22.09,-70.2,58.78,18,0,7.78,58.78,1570591933
Ivanava,627811,BY,52.14,25.53,45.59,86,100,14.52,45.59,1570591933
Avera,4231997,US,33.19,-82.53,70.05,88,75,6.93,73.4,1570591933
Soyo,2236967,AO,-6.13,12.37,76.53,86,99,12.17,76.53,1570591933
Geraldton,5960603,CA,49.72,-86.95,53.6,66,75,9.17,53.6,1570591934
Kang,933692,BW,-23.67,22.79,60.76,19,0,8.68,60.76,1570591934
Pisco,3932145,PE,-13.71,-76.2,60.62,82,90,3.36,62.6,1570591934
Killybegs,2963295,IE,54.63,-8.45,46.99,89,56,5.01,46.99,1570591934
Saint-Francois,2980080,FR,46.42,3.91,54.55,93,77,3.36,55.4,1570591935
Rawson,3839307,AR,-43.3,-65.11,50.85,59,100,11.92,50.85,1570591935
Meulaboh,1214488,ID,4.14,96.13,79.28,79,83,3.78,79.28,1570591935
Port Lincoln,2063036,AU,-34.72,135.86,54.35,66,93,10.47,54.35,1570591936
Panzhihua,6929460,CN,26.59,101.72,72.0,65,0,0.54,72.0,1570591936
Discovery Bay,3490716,JM,18.46,-77.4,79.59,81,36,8.1,79.59,1570591936
Laguna,3581398,BZ,16.17,-88.94,78.8,100,40,1.31,78.8,1570591936
Yar-Sale,1486321,RU,66.83,70.83,35.92,82,100,14.77,35.92,1570591936
Huambo,3348313,AO,-12.78,15.73,62.0,82,100,2.73,62.0,1570591937
Kavieng,2094342,PG,-2.57,150.8,84.68,72,11,9.82,84.68,1570591937
Adiake,2293428,CI,5.29,-3.3,78.8,88,75,12.75,78.8,1570591937
Salalah,286621,OM,17.01,54.1,77.0,83,20,4.7,77.0,1570591938
Saint Anthony,5606187,US,43.97,-111.68,51.98,37,1,10.29,55.4,1570591938
Raja Jang,1167386,PK,31.22,74.25,73.4,73,0,5.55,73.4,1570591938
Am Timan,245338,TD,11.04,20.28,68.83,97,100,4.26,68.83,1570591938
Constitucion,4011743,MX,23.99,-104.67,62.6,45,5,5.82,62.6,1570591939
Tabriz,113646,IR,38.08,46.29,55.4,53,0,4.7,55.4,1570591883
Shitanjing,1794971,CN,39.23,106.34,59.0,39,100,1.99,59.0,1570591939
Clyde River,5924351,CA,70.47,-68.59,23.0,92,1,4.7,23.0,1570591940
Carauari,3664659,BR,-4.88,-66.9,73.76,96,42,2.15,73.76,1570591940
Lethem,3379316,GY,3.38,-59.8,81.86,69,100,2.72,81.86,1570591940
Oranjemund,3354071,ZA,-28.55,16.43,54.68,92,2,9.28,54.68,1570591940
Port Blair,1259385,IN,11.67,92.75,83.33,68,91,4.25,83.33,1570591941
Pine Bluff,4126226,US,34.23,-92.0,55.58,71,1,4.97,57.2,1570591901
Sao Filipe,3374210,CV,14.9,-24.5,75.33,83,2,12.29,75.33,1570591941
Escanaba,4992232,US,45.75,-87.06,52.88,76,1,8.05,57.99,1570591941
Manavalakurichi,1263942,IN,8.13,77.3,84.2,79,20,6.93,84.2,1570591941
Souillac,3026644,FR,45.6,-0.6,54.82,93,75,4.7,60.01,1570591942
Lorengau,2092164,PG,-2.02,147.27,84.67,69,86,7.58,84.67,1570591942
Beyneu,610298,KZ,45.32,55.19,60.91,44,100,10.78,60.91,1570591942
Iquitos,3696183,PE,-3.75,-73.25,73.4,94,40,1.12,73.4,1570591943
Ust-Tarka,1488074,RU,55.56,75.71,49.37,67,53,4.43,49.37,1570591943
Pangnirtung,6096551,CA,66.15,-65.72,27.19,77,100,1.97,27.19,1570591943
Camocim,3403687,BR,-2.9,-40.84,72.89,85,64,6.53,72.89,1570591943
Elliot Lake,5947866,CA,46.37,-82.65,46.4,93,1,6.93,46.4,1570591944
Parksville,4586642,US,33.79,-82.22,67.84,77,1,6.93,71.6,1570591944
Provideniya,4031574,RU,64.42,-173.23,41.0,80,90,6.71,41.0,1570591944
Airai,1651810,TL,-8.93,125.41,86.92,46,0,4.76,86.92,1570591944
Vardo,4372777,US,39.62,-77.74,55.29,76,1,5.82,59.0,1570591945
Kushima,1895695,JP,31.5,131.29,73.8,50,20,13.87,75.2,1570591945
Polson,5671996,US,47.69,-114.16,30.94,79,90,23.04,35.01,1570591945
Taksimo,2015701,RU,56.36,114.84,21.31,55,31,10.89,21.31,1570591945
Dalbandin,1180729,PK,28.9,64.41,77.11,17,0,4.18,77.11,1570591946
La Rioja,3848950,AR,-29.41,-66.86,60.3,49,8,0.7,60.3,1570591946
Jurm,1139085,AF,36.86,70.83,54.62,35,68,3.09,54.62,1570591946
Hualmay,3939761,PE,-11.1,-77.61,59.9,87,23,10.4,59.9,1570591946
Vinstra,3131538,NO,61.6,9.73,27.3,98,100,4.97,27.3,1570591947
Samarai,2132606,PG,-10.62,150.67,80.78,67,41,8.19,80.78,1570591947
Manono,209598,CD,-7.3,27.4,69.87,87,100,1.56,69.87,1570591947
Praia da Vitoria,3372760,PT,38.73,-27.07,64.4,68,40,10.95,64.4,1570591948
Batemans Bay,2176639,AU,-35.71,150.18,57.0,45,67,1.99,60.01,1570591948
Bambous Virieux,1106677,MU,-20.34,57.76,70.5,83,75,11.41,71.01,1570591948
Galatone,3176406,IT,40.14,18.07,56.08,93,5,2.24,59.0,1570591948
Oistins,3373652,BB,13.07,-59.53,82.4,69,40,18.34,82.4,1570591924
Ikot Ekpene,2338106,NG,5.18,7.71,71.06,96,19,2.71,71.06,1570591949
Jiuquan,1280957,CN,39.73,98.49,50.16,41,100,9.74,50.16,1570591949
Luderitz,3355672,NA,-26.65,15.16,59.0,62,0,17.22,59.0,1570591949
Muravlenko,1540711,RU,63.79,74.5,37.0,81,100,17.83,37.0,1570591950
Labuhan,1641899,ID,-2.54,115.51,96.42,33,0,1.83,96.42,1570591950
Boa Esperanca,3736812,BR,-1.91,-60.0,73.22,95,71,0.72,73.22,1570591950
Cap Malheureux,934649,MU,-19.98,57.61,70.39,83,75,11.41,71.01,1570591950
Aswan,359792,EG,24.09,32.9,84.2,30,0,6.93,84.2,1570591951
Caramay,1718517,PH,10.18,119.24,83.8,67,98,6.04,83.8,1570591951
Okha,2122614,RU,53.59,142.95,47.51,96,100,11.65,47.51,1570591951
Namibe,3347019,AO,-15.19,12.15,66.11,87,86,7.67,66.11,1570591952
Rio Grande,3451138,BR,-32.03,-52.1,54.0,95,12,0.29,54.0,1570591952
Muros,3115824,ES,42.77,-9.06,50.92,100,20,2.0,57.99,1570591952
Kargasok,1504382,RU,59.06,80.87,36.05,81,89,10.81,36.05,1570591952
Ridgecrest,5387494,US,35.62,-117.67,77.41,11,1,9.17,82.4,1570591813
Ambon,3037899,FR,47.55,-2.56,55.04,93,75,4.7,57.99,1570591953
Amalapuram,1278935,IN,16.58,82.0,82.4,78,84,5.82,82.4,1570591953
Lasa,146639,CY,34.92,32.53,65.41,88,0,5.82,66.2,1570591953
Utinga,3392998,BR,-5.82,-35.4,77.56,83,40,6.93,78.8,1570591953
Komsomolskiy,1486910,RU,67.55,63.78,33.28,91,100,4.05,33.28,1570591954
Paamiut,3421193,GL,61.99,-49.67,40.75,92,100,12.01,40.75,1570591954
Santo Antonio do Sudoeste,3449479,BR,-26.07,-53.73,63.28,80,4,3.38,63.28,1570591954
Biak,1637001,ID,-0.91,122.88,76.26,55,33,5.73,76.26,1570591954
Havre-Saint-Pierre,5972291,CA,50.23,-63.6,42.8,70,20,9.17,42.8,1570591955
Muzhi,1498161,RU,65.4,64.7,34.66,97,100,2.84,34.66,1570591955
Palmer,2067070,AU,-34.85,139.16,61.14,51,0,17.22,64.0,1570591955
Alto Araguaia,3472473,BR,-17.32,-53.22,67.46,85,41,4.26,67.46,1570591956
Ayagoz,1525988,KZ,47.96,80.43,55.45,48,16,11.72,55.45,1570591956
Boende,218680,CD,-0.28,20.88,69.87,97,97,1.83,69.87,1570591956
Svetlogorsk,584051,RU,53.14,59.15,39.2,93,68,4.47,39.2,1570591956
Imperial,6148104,CA,51.35,-105.44,33.62,67,100,14.76,33.62,1570591957
Tupik,2014836,RU,54.43,119.94,31.06,79,100,8.18,31.06,1570591957
Aldan,2027968,RU,58.61,125.39,22.35,86,100,6.79,22.35,1570591957
Krasnoye,500060,RU,44.87,39.46,43.41,93,75,4.47,44.6,1570591957
Cerkezkoy,749274,TR,41.28,28.0,53.6,93,0,9.17,55.4,1570591958
Nhulunbuy,2064735,AU,-12.18,136.78,86.0,51,20,13.87,86.0,1570591958
Ejido Hermosillo,3985604,MX,32.51,-114.92,82.13,24,20,4.7,86.0,1570591958
Miri,2347470,NG,10.31,9.75,69.87,90,41,3.38,69.87,1570591958
Puerto Narino,3671387,CO,-3.77,-70.38,75.2,100,30,2.08,75.2,1570591959
Porto Belo,3452900,BR,-27.15,-48.54,67.78,94,40,0.94,68.0,1570591959
Cleveland,5150529,US,41.51,-81.69,50.97,76,1,3.36,57.2,1570591959
Pochutla,3517970,MX,15.74,-96.47,77.0,88,75,6.82,77.0,1570591959
Lavrentiya,4031637,RU,65.58,-170.99,37.36,93,88,0.65,37.36,1570591960
Amapa,3603330,HN,15.09,-87.97,80.6,88,75,2.24,80.6,1570591960
Praya,1630662,ID,-8.71,116.27,91.4,38,20,9.17,91.4,1570591960
Ossora,2122389,RU,59.24,163.07,38.37,56,63,3.87,38.37,1570591960
Chokurdakh,2126123,RU,70.62,147.9,9.8,94,44,3.62,9.8,1570591961
Magole,155334,TZ,-6.37,37.37,72.61,86,100,6.28,72.61,1570591961
Zaraza,3625066,VE,9.35,-65.33,74.21,95,100,3.06,74.21,1570591961
Aasiaat,3424901,GL,68.71,-52.87,27.14,63,44,5.67,27.14,1570591962
Xai-Xai,1024552,MZ,-25.04,33.64,72.84,86,81,3.26,72.84,1570591962
Goderich,5962442,CA,43.74,-81.71,49.84,93,0,19.62,51.01,1570591962
Balkanabat,161616,TM,39.51,54.36,67.17,58,0,1.12,67.17,1570591962
Bosaso,64013,SO,11.28,49.18,83.71,72,0,12.23,83.71,1570591963
Nastola,645036,FI,60.95,25.93,27.39,100,75,2.24,28.0,1570591963
Aranos,3358666,NA,-24.14,19.11,58.51,18,0,7.34,58.51,1570591963
Kerrville,4703078,US,30.05,-99.14,69.96,56,1,7.74,73.99,1570591963
Kampong Thum,1831125,KH,12.71,104.89,84.7,70,100,5.63,84.7,1570591964
Rio Gallegos,3838859,AR,-51.62,-69.22,44.6,56,0,23.04,44.6,1570591964
San Cristobal,3609418,HN,14.68,-86.92,68.05,90,95,4.23,68.05,1570591964
Gornyak,1506260,KZ,51.0,81.46,53.85,70,0,7.38,53.85,1570591965
Codrington,2160063,AU,-28.95,153.24,69.76,35,90,13.87,73.4,1570591965
Ozu,1926055,JP,33.51,132.54,75.2,44,20,17.22,75.2,1570591965
Mehamn,778707,NO,71.03,27.85,39.2,80,75,19.46,39.2,1570591965
Srivardhan,1255619,IN,18.03,73.02,81.41,75,0,4.52,81.41,1570591966
Byron Bay,2172880,AU,-28.65,153.62,70.61,56,75,17.22,75.0,1570591966
Kingman,5301067,US,35.19,-114.05,75.56,8,1,5.77,84.99,1570591966
Tasiilaq,3424607,GL,65.61,-37.64,41.0,75,100,10.29,41.0,1570591966
Castro,3896218,CL,-42.48,-73.76,46.4,93,90,3.36,46.4,1570591967
Mount Isa,2065594,AU,-20.73,139.49,87.8,10,23,11.41,87.8,1570591967
Gondanglegi,1640660,ID,-7.75,112.01,90.08,40,23,8.57,90.08,1570591967
Zenzeli,463655,RU,45.92,47.05,54.71,74,100,7.2,54.71,1570591968
Mahebourg,934322,MU,-20.41,57.7,70.52,83,75,11.41,71.01,1570591968
Lagoa,2267254,PT,37.14,-8.45,67.28,82,0,6.93,69.01,1570591968
Kavakli,743818,TR,41.09,28.33,54.88,93,0,9.17,59.0,1570591968
Strezhevoy,1490796,RU,60.73,77.6,37.4,74,0,8.95,37.4,1570591969
Carballo,3126369,ES,43.21,-8.69,48.25,100,20,5.82,52.0,1570591969
Nyurba,2018735,RU,63.29,118.35,21.29,85,100,7.64,21.29,1570591969
Yibin,1786770,CN,28.77,104.64,67.24,68,100,2.51,67.24,1570591969
Tazovskiy,1489853,RU,67.47,78.7,33.04,80,100,14.43,33.04,1570591970
Hami,1529484,CN,42.84,93.51,66.92,15,95,8.57,66.92,1570591970
Kampong Cham,1831173,KH,11.99,105.46,84.5,75,100,6.35,84.5,1570591970
Longyan,1802276,CN,25.1,117.03,83.39,59,28,0.62,83.39,1570591971
Thunder Bay,6166142,CA,48.41,-89.26,54.64,58,75,5.82,57.2,1570591971
Tabou,2281120,CI,4.42,-7.36,73.99,93,100,2.73,73.99,1570591971
Aguimes,2522325,ES,27.91,-15.45,70.38,68,20,20.8,71.6,1570591971
Jacareacanga,3397763,BR,-6.22,-57.76,73.53,95,100,1.81,73.53,1570591972
Koran,3206012,BA,43.81,18.57,35.6,100,0,1.12,35.6,1570591972
Christchurch,2192362,NZ,-43.53,172.64,70.16,43,100,10.29,72.0,1570591972
Koutiala,2454268,ML,12.39,-5.46,76.51,77,99,11.8,76.51,1570591972
Kuala Terengganu,1734705,MY,5.33,103.14,86.0,74,75,4.7,86.0,1570591973
Fredericton,5957776,CA,45.97,-66.65,39.85,100,1,2.33,42.01,1570591973
Deputatskiy,2028164,RU,69.3,139.9,5.32,95,99,2.86,5.32,1570591973
Benghazi,88319,LY,32.12,20.07,78.94,47,63,32.74,78.94,1570591973
Shubarshi,608270,KZ,48.59,57.19,48.86,65,93,1.57,48.86,1570591974
Alta Floresta,6316343,BR,-9.87,-56.08,68.54,96,100,4.11,68.54,1570591974
Onega,515246,RU,63.91,38.09,36.07,96,100,25.12,36.07,1570591974
Adrar,2508813,DZ,27.87,-0.29,64.4,27,0,9.17,64.4,1570591974
Chateaudun,3026285,FR,48.08,1.33,51.39,100,90,8.05,51.8,1570591975
Veraval,3031871,FR,49.65,0.71,50.43,93,0,10.29,52.0,1570591975
Snyder,5530921,US,32.72,-100.92,73.65,50,1,16.11,75.99,1570591975
Kupang,2057087,ID,-10.16,123.6,87.8,52,20,13.87,87.8,1570591975
Bansko,785380,MK,41.39,22.75,55.99,91,89,1.87,55.99,1570591976
Narrabri,2155742,AU,-30.33,149.78,71.28,17,0,9.17,71.6,1570591976
Vanimo,2084442,PG,-2.67,141.3,83.77,69,100,7.59,83.77,1570591976
Kokopo,2093685,PG,-4.34,152.27,81.91,82,6,2.37,81.91,1570591976
Okhotsk,2122605,RU,59.36,143.24,32.67,97,100,9.84,32.67,1570591977
San Vicente de Canete,3928993,PE,-13.08,-76.38,58.3,90,71,5.68,58.3,1570591977
Berzasca,667256,RO,44.65,21.95,53.01,64,28,3.0,53.01,1570591977
Puerto Escondido,3520994,MX,15.86,-97.07,75.27,95,100,2.86,75.27,1570591977
Antalaha,1071296,MG,-14.9,50.28,62.53,97,7,3.38,62.53,1570591978
Norman Wells,6089245,CA,65.28,-126.83,30.2,63,75,5.82,30.2,1570591978
Leningradskiy,2123814,RU,69.38,178.42,33.48,79,100,24.13,33.48,1570591978
Weligama,1223738,LK,5.97,80.42,82.34,73,77,7.45,82.34,1570591682
Itoman,1861280,JP,26.12,127.67,83.28,54,20,18.34,84.2,1570591979
Ambikapur,1278827,IN,23.12,83.2,75.76,74,0,2.28,75.76,1570591979
Winslow,2633808,GB,51.94,-0.88,49.37,87,100,6.93,51.8,1570591979
Khorramshahr,127319,IR,30.43,48.18,78.8,78,0,2.24,78.8,1570591979
Huarmey,3939168,PE,-10.07,-78.15,59.77,89,18,13.44,59.77,1570591980
Marzuq,72181,YE,14.4,46.47,68.9,56,0,3.22,68.9,1570591980
Wentzville,4414001,US,38.81,-90.85,54.93,87,1,6.15,60.01,1570591980
Satuk,737723,TR,41.23,32.38,42.82,96,14,2.31,42.82,1570591980
Shakiso,328716,ET,5.77,38.9,53.65,97,6,1.76,53.65,1570591980
Baghdad,98182,IQ,33.3,44.38,73.4,56,17,3.36,73.4,1570591916
Pangoa,3933104,PE,-12.12,-73.0,68.57,85,1,2.28,68.57,1570591981
Dingle,1714733,PH,11.0,122.67,85.94,69,80,5.32,85.94,1570591981
Tornio,637314,FI,61.12,27.27,28.2,100,75,2.24,30.99,1570591981
Lazarev,2123836,RU,52.23,141.51,47.64,91,100,29.55,47.64,1570591982
Tsaratanana,1055059,MG,-16.8,47.65,65.37,76,43,12.97,65.37,1570591982
Eenhana,3357804,NA,-17.48,16.34,77.0,16,4,4.7,77.0,1570591983
Los Llanos de Aridane,2514651,ES,28.66,-17.92,71.6,68,90,11.41,71.6,1570591983
Ginda,1253628,IN,30.69,78.49,73.4,69,40,3.36,73.4,1570591983
Bojnurd,140380,IR,37.47,57.33,48.2,70,0,5.78,48.2,1570591984
Tongzi,1799686,CN,28.78,105.09,64.81,80,100,4.94,64.81,1570591984
Karratha,6620339,AU,-20.74,116.85,104.03,8,4,3.24,104.03,1570591984
Chato,160552,TZ,-2.64,31.77,65.68,79,48,1.86,65.68,1570591985
Coihaique,3894426,CL,-45.58,-72.07,46.4,99,20,9.17,46.4,1570591985
Sao Joao da Barra,3448903,BR,-21.64,-41.05,73.94,86,99,5.53,73.94,1570591985
Egvekinot,4031742,RU,66.32,-179.17,27.12,93,88,10.92,27.12,1570591985
Shingu,1847947,JP,33.72,135.99,75.2,29,20,11.41,75.2,1570591986
Bathsheba,3374083,BB,13.22,-59.52,82.4,69,40,18.34,82.4,1570591986
Bria,239899,CF,6.54,21.99,66.76,98,100,0.97,66.76,1570591986
Mataram,1630639,ID,-5.32,105.06,91.74,41,0,2.66,91.74,1570591986
Talcahuano,3870282,CL,-36.72,-73.12,59.0,47,100,2.24,59.0,1570591987
Sumter,4597948,US,33.92,-80.34,67.62,72,90,6.93,69.8,1570591987
Bandarbeyla,64814,SO,9.49,50.81,74.64,85,86,8.86,74.64,1570591987
Vila Velha,6320062,BR,-3.71,-38.6,78.91,74,40,19.46,79.0,1570591988
Shimoda,1852357,JP,34.7,138.93,74.37,53,20,20.8,75.2,1570591988
Nabire,1634614,ID,-3.36,135.5,80.44,86,96,1.05,80.44,1570591988
Nguru,2328952,NG,12.88,10.45,75.04,78,99,2.44,75.04,1570591988
Quthing,932183,LS,-30.4,27.7,48.69,37,0,1.87,48.69,1570591989
Mnogovershinnyy,2019935,RU,53.94,139.92,42.84,70,98,8.84,42.84,1570591989
Narasannapeta,1261853,IN,18.42,84.04,81.14,77,100,3.95,81.14,1570591989
Bolobo,2316748,CD,-2.17,16.23,71.87,84,35,2.33,71.87,1570591989
Geilo,3155913,NO,60.53,8.21,29.97,87,100,3.6,33.01,1570591990
Caceres,3679277,CO,5.53,-74.53,68.31,97,100,2.89,68.31,1570591990
Punta Alta,3429886,AR,-27.46,-55.82,69.8,52,0,5.82,69.8,1570591990
Ancud,3899695,CL,-41.87,-73.83,46.4,93,90,3.36,46.4,1570591990
Son Tay,1567621,VN,21.14,105.5,78.8,83,75,4.7,78.8,1570591991
Hobbs,5471578,US,32.7,-103.14,70.79,56,1,10.29,73.4,1570591991
Wahiawa,5853992,US,21.5,-158.02,81.93,65,90,3.36,84.2,1570591983
Chapais,5919850,CA,49.78,-74.86,35.6,93,1,4.97,35.6,1570591991
Hegang,2036986,CN,47.34,130.28,57.5,45,0,8.79,57.5,1570591992
Ulaanbaatar,2028462,MN,47.92,106.92,51.8,29,0,2.24,51.8,1570591992
Hargeysa,57289,SO,9.56,44.06,66.9,80,30,5.66,66.9,1570591992
Tungor,2120400,RU,53.39,142.95,46.45,98,100,8.13,46.45,1570591993
Nioro,2413070,GM,13.79,-15.05,74.89,94,100,1.28,74.89,1570591993
Salta,3838233,AR,-24.79,-65.41,66.2,45,0,5.82,66.2,1570591993
Barranca,3946820,PE,-10.75,-77.76,59.9,87,23,10.4,59.9,1570591993
Muroto,1856392,JP,33.37,134.14,78.8,27,20,11.41,78.8,1570591994
Mangan,1263776,IN,27.5,88.54,62.65,57,0,3.85,62.65,1570591994
Umm Lajj,100926,SA,25.02,37.27,86.97,68,62,9.1,86.97,1570591994
Mareeba,2158767,AU,-16.99,145.42,89.58,61,75,6.93,93.99,1570591994
Shebunino,468902,RU,57.66,40.04,33.8,80,75,6.71,33.8,1570591995
Tiksi,2015306,RU,71.64,128.87,25.23,88,100,12.64,25.23,1570591995
Pucallpa,3693345,PE,-8.38,-74.54,75.2,88,20,2.24,75.2,1570591995
Ambilobe,1082243,MG,-13.19,49.05,75.47,68,3,15.11,75.47,1570591995
Severo-Yeniseyskiy,1492566,RU,60.37,93.04,28.9,75,46,4.88,28.9,1570591996
New Baltimore,5003369,US,42.68,-82.74,50.22,76,1,9.79,55.99,1570591996
Pilar,3427208,AR,-34.46,-58.91,61.74,67,0,3.36,68.0,1570591933
Santa Maria,3462672,BR,-16.02,-48.01,68.32,88,90,4.7,69.8,1570591996
Hamilton,5969785,CA,43.26,-79.87,49.1,87,20,6.93,57.0,1570591997
Cabedelo,3404558,BR,-6.97,-34.84,77.0,83,75,5.82,77.0,1570591997
Meadow Lake,6071421,CA,54.13,-108.44,26.71,71,93,7.05,26.71,1570591997
Maceio,3395981,BR,-9.67,-35.74,69.8,94,0,4.7,69.8,1570591997
Narsaq,3421719,GL,60.91,-46.05,39.2,80,75,8.63,39.2,1570591998
Mazagao,3395042,BR,-0.12,-51.29,82.4,88,40,6.93,82.4,1570591998
Pskov,504341,RU,57.82,28.33,37.4,93,72,6.71,37.4,1570591996
La Ronge,6050066,CA,55.1,-105.3,30.2,86,40,8.05,30.2,1570591998
Shahreza,417594,IR,32.01,51.87,48.68,34,0,1.19,48.68,1570591999
Balkhash,1525798,KZ,46.84,74.98,53.6,50,0,11.18,53.6,1570591999
Denpasar,1645528,ID,-8.65,115.22,84.2,74,20,10.29,84.2,1570591999
Solnechnyy,2016307,RU,50.72,136.64,54.23,40,0,1.67,54.23,1570591999
Darhan,2031964,MN,49.49,105.92,33.71,93,100,9.37,33.71,1570592000
Bogorodskoye,2126638,RU,52.37,140.44,43.64,87,100,11.65,43.64,1570592000
Hoshcha,708257,UA,50.6,26.67,44.6,75,100,11.18,44.6,1570592000
Campeche,3531732,MX,19.84,-90.54,73.4,100,75,11.41,73.4,1570592000
Beringovskiy,2126710,RU,63.05,179.32,31.91,67,53,8.88,31.91,1570592001
Trois-Rivieres,6169141,CA,46.35,-72.55,40.69,93,1,2.24,46.0,1570592001
Luganville,2136150,VU,-15.51,167.18,82.4,74,75,10.29,82.4,1570592001
Matara,425378,BI,-3.48,29.48,61.38,62,100,7.1,61.38,1570592001
Tres Arroyos,3833859,AR,-38.38,-60.28,45.93,56,27,6.56,45.93,1570592002
Petatlan,3992842,MX,17.52,-101.27,84.02,79,100,3.6,84.02,1570592002
Jiazi,1894019,CN,19.61,110.49,86.0,70,75,13.42,86.0,1570592002
Birin,1283334,NP,26.89,88.07,75.2,83,75,2.24,75.2,1570592002
Waingapu,1622318,ID,-9.65,120.26,86.74,43,44,14.79,86.74,1570592003
Quebec,6325494,CA,46.83,-71.24,43.59,81,5,4.7,46.0,1570592003
Nizwa,286987,OM,22.93,57.53,72.86,60,0,1.0,72.86,1570592003
Ono,1854026,JP,34.86,134.95,72.61,33,0,6.93,75.2,1570592004
Green River,5826559,US,41.53,-109.47,45.48,25,1,9.17,51.8,1570592004
Luziania,3458329,BR,-16.25,-47.95,68.31,88,90,4.7,69.8,1570592004
Poso,1630723,ID,-1.4,120.75,79.54,46,0,5.84,79.54,1570591804
Kudahuvadhoo,1337607,MV,2.67,72.89,81.79,75,99,11.05,81.79,1570592004
Phan Thiet,1571058,VN,10.93,108.1,86.29,61,54,3.65,86.29,1570591787
Cacule,3468349,BR,-14.5,-42.22,66.97,81,7,14.94,66.97,1570592005
Tezu,1254709,IN,27.93,96.16,71.24,97,96,1.92,71.24,1570592005
Buraydah,107304,SA,26.33,43.97,77.0,53,0,3.36,77.0,1570592006
Itarema,3393692,BR,-2.92,-39.92,76.06,79,15,11.47,76.06,1570592006
Noumea,2139521,NC,-22.28,166.46,79.88,65,90,5.82,81.0,1570592006
Alice Springs,2077895,AU,-23.7,133.88,77.0,13,0,12.75,77.0,1570592006
Mokhsogollokh,2019867,RU,61.4,128.95,30.54,93,100,8.14,30.54,1570592007
Seoul,1835848,KR,37.57,126.98,63.41,36,1,4.7,64.4,1570591932
Broken Hill,2173911,AU,-31.97,141.45,64.4,27,0,10.29,64.4,1570592007
Kununurra,2068110,AU,-15.77,128.74,102.2,16,0,14.99,102.2,1570592007
Jaen,3696150,PE,-5.71,-78.81,57.25,94,24,2.67,57.25,1570592008
Shagonar,1492499,RU,51.54,92.92,52.66,52,50,3.1,52.66,1570592008
Ulladulla,2145554,AU,-35.36,150.48,59.25,48,0,17.22,60.8,1570592008
Quatre Cocos,1106643,MU,-20.21,57.76,70.45,83,75,11.41,71.01,1570592008
Wainwright,6175059,CA,52.84,-110.86,27.63,64,100,10.18,27.63,1570592009
Zhangjiakou,2033196,CN,40.77,114.88,54.08,33,100,7.18,54.08,1570592009
Callaway,5024237,US,46.98,-95.91,58.14,62,1,8.05,62.6,1570592009
Taoudenni,2450173,ML,22.68,-3.98,81.1,11,0,7.56,81.1,1570592009
Tongchuan,7064006,CN,34.9,108.95,55.4,100,90,8.95,55.4,1570592010
Valentin Gomez Farias,4011743,MX,24.05,-104.7,62.6,45,5,5.82,62.6,1570592010
Lingao,1803560,CN,19.91,109.69,82.74,74,2,12.19,82.74,1570592010
Presidencia Roque Saenz Pena,3840300,AR,-26.79,-60.44,64.9,61,0,6.02,64.9,1570592011
Dukat,3184575,AL,40.25,19.57,63.0,81,0,5.14,63.0,1570592011
Altus,4529292,US,34.64,-99.33,67.37,40,1,12.75,69.8,1570592011
Pecos,5528182,US,31.42,-103.49,79.23,34,1,11.41,82.4,1570592012
Batticaloa,1250161,LK,7.71,81.69,82.33,74,83,1.48,82.33,1570592012
Copiapo,3893656,CL,-27.37,-70.33,55.4,82,75,2.24,55.4,1570592012
Bandeirantes,3470912,BR,-23.11,-50.37,71.96,68,100,6.61,71.96,1570592012
Sobolevo,525426,RU,54.43,31.9,37.81,91,92,13.42,37.81,1570592013
Athabasca,5887916,CA,54.72,-113.29,25.59,61,96,6.11,25.59,1570592013
Harindanga,1349090,IN,22.04,88.32,73.4,94,90,5.82,73.4,1570592013
Srednekolymsk,2121025,RU,67.46,153.71,18.05,82,100,6.89,18.05,1570592014
Mala,3935572,PE,-12.66,-76.63,59.3,90,47,7.58,59.3,1570592014
El Seibo,3492984,DO,18.76,-69.04,71.6,100,40,2.53,71.6,1570592014
Arman,2127060,RU,59.7,150.17,38.66,84,100,25.54,38.66,1570592014
Pernem,1259869,IN,15.72,73.8,77.0,94,75,5.82,77.0,1570592015
Russell,4278471,US,38.9,-98.86,62.4,59,1,18.34,64.0,1570591805
Coahuayana,3981460,MX,18.62,-100.35,73.18,91,97,2.64,73.18,1570592015
Campo Formoso,3467760,BR,-10.51,-40.32,65.86,77,0,12.57,65.86,1570592015
Akcakoca,752584,TR,41.09,31.12,49.3,90,3,1.41,49.3,1570592016
Emerald,2167426,AU,-23.53,148.16,86.65,12,0,12.75,87.8,1570592017
Yakeshi,2033536,CN,49.28,120.73,53.36,56,10,17.65,53.36,1570592017
Barra do Garcas,3470709,BR,-15.89,-52.26,76.33,68,67,2.21,76.33,1570592017
Hedaru,159647,TZ,-4.5,37.91,68.45,87,100,9.17,68.45,1570592017
